2021-07-20 00:09:32,收到webhook,,
2021-07-20 00:09:33,"防抖时间到, 发送上传任务",,
2021-07-20 00:09:33,==================开始上传==================,"{""sessionid_新任务"":""7c7f3672-70ce-405a-aa12-886702ced6e5"",""当前文件列表"":[""23058-3号直播间/录制-23058-20210514-175250-哔哩哔哩音悦台.flv""]}",
2021-07-20 00:09:35,收到webhook,,
2021-07-20 00:09:36,"防抖时间到, 发送上传任务",,
2021-07-20 00:09:38,收到webhook,,
2021-07-20 00:09:39,"防抖时间到, 发送上传任务",,
2021-07-20 00:09:43,==================上传程序结束==================,,
2021-07-20 00:09:43,==================开始上传==================,"{""sessionid_新任务"":""7c7f3672-70ce-405a-aa12-886702ced6e5"",""当前文件列表"":[""23058-3号直播间/录制-23058-20210514-175250-哔哩哔哩音悦台.flv"",""23058-3号直播间/录制-23058-20210514-175250-哔哩哔哩音悦台.flv"",""23058-3号直播间/录制-23058-20210514-175250-哔哩哔哩音悦台.flv""]}",
2021-07-20 00:09:53,==================上传程序结束==================,,
2021-07-20 00:09:53,==================开始上传==================,"{""sessionid_新任务"":""7c7f3672-70ce-405a-aa12-886702ced6e5"",""当前文件列表"":[""23058-3号直播间/录制-23058-20210514-175250-哔哩哔哩音悦台.flv"",""23058-3号直播间/录制-23058-20210514-175250-哔哩哔哩音悦台.flv"",""23058-3号直播间/录制-23058-20210514-175250-哔哩哔哩音悦台.flv""]}",
2021-07-20 00:10:03,==================上传程序结束==================,,
2021-07-20 00:11:31,收到webhook,,
2021-07-20 00:11:34,收到webhook,,
2021-07-20 00:11:38,收到webhook,,
2021-07-20 00:11:45,"防抖时间到, 发送上传任务",,
2021-07-20 00:11:45,==================开始上传==================,"{""sessionid_新任务"":""7c7f3672-70ce-405a-aa12-886702ced6e5"",""当前文件列表"":[""23058-3号直播间/录制-23058-20210514-175250-哔哩哔哩音悦台.flv"",""23058-3号直播间/录制-23058-20210514-175250-哔哩哔哩音悦台.flv"",""23058-3号直播间/录制-23058-20210514-175250-哔哩哔哩音悦台.flv""]}",
2021-07-20 00:11:55,==================上传程序结束==================,,
